epoch,time,train/box_loss,train/pose_loss,train/kobj_loss,train/cls_loss,train/dfl_loss,metrics/precision(B),metrics/recall(B),metrics/mAP50(B),metrics/mAP50-95(B),metrics/precision(P),metrics/recall(P),metrics/mAP50(P),metrics/mAP50-95(P),val/box_loss,val/pose_loss,val/kobj_loss,val/cls_loss,val/dfl_loss,lr/pg0,lr/pg1,lr/pg2
1,46.9728,1.72703,0.18013,0.62115,2.15131,1.86523,1,0.95229,0.98433,0.46546,1,0.95229,0.9902,0.98547,1.64787,0.14709,0.66772,1.32103,1.78417,0.00038,0.00038,0.00038
2,96.6005,1.15698,0.12882,0.25933,1.05433,1.34326,0.99661,0.95455,0.98014,0.41091,0.99661,0.95455,0.98014,0.98014,1.8416,0.13588,0.5337,1.23129,2.15286,0.000777426,0.000777426,0.000777426
3,141.874,1.04463,0.09683,0.26328,0.96478,1.27064,0.01899,0.13636,0.00743,0.00134,0.40387,0.43162,0.41171,0.3818,3.74634,0.16491,0.48837,2.81168,3.46423,0.00117221,0.00117221,0.00117221
4,184.932,1.16517,0.05824,0.28987,1.11525,1.35134,0.54828,0.7724,0.57505,0.2916,0.57596,0.80293,0.61011,0.58773,1.7391,0.10321,0.40031,1.80963,1.92719,0.00156436,0.00156436,0.00156436
5,228.707,1.13227,0.06535,0.17142,1.40913,1.28501,1,0.95366,0.99167,0.73221,1,0.95366,0.99167,0.98479,1.02374,0.08874,0.17556,1.43955,1.31031,0.00195386,0.00195386,0.00195386
6,272.225,1.23981,0.08387,0.21098,1.5038,1.38639,0.74016,0.81818,0.74214,0.25849,0.85758,0.95455,0.93107,0.91622,1.50646,0.08125,0.09943,2.52184,1.94882,0.001967,0.001967,0.001967
7,314.969,1.14958,0.08017,0.18953,1.03087,1.40346,0.99304,0.95455,0.99167,0.65325,0.99304,0.95455,0.99167,0.99059,1.06024,0.0927,0.0141,1.01893,1.52992,0.0019604,0.0019604,0.0019604
8,358.169,1.07765,0.0625,0.20504,0.99569,1.32104,0.99461,0.95455,0.99326,0.64306,0.99461,0.95455,0.99326,0.9781,1.22299,0.07781,0.01014,1.00087,1.56106,0.0019538,0.0019538,0.0019538
9,402.568,1.07727,0.05759,0.169,0.85266,1.35572,1,0.99571,0.995,0.65512,1,0.99571,0.995,0.97578,1.06877,0.09216,0.00415,1.14718,1.39868,0.0019472,0.0019472,0.0019472
10,448.794,1.17009,0.05164,0.13113,0.9188,1.46124,0.9919,0.95455,0.98339,0.54512,0.9919,0.95455,0.98433,0.96965,1.42603,0.06185,0.002,1.28408,1.69075,0.0019406,0.0019406,0.0019406
11,498.066,1.0526,0.04944,0.14013,0.83551,1.22424,0.98991,0.95455,0.9902,0.76545,0.98991,0.95455,0.9902,0.9902,0.91707,0.06673,0.00265,0.9463,1.23674,0.001934,0.001934,0.001934
12,542.794,0.97325,0.04524,0.11673,0.78031,1.1925,0.99898,1,0.995,0.75685,0.99898,1,0.995,0.98182,1.01318,0.06449,0.00293,0.94287,1.29821,0.0019274,0.0019274,0.0019274
13,587.677,1.0076,0.04085,0.06874,0.7085,1.16899,0.99702,1,0.995,0.60291,0.99702,1,0.995,0.995,1.4845,0.07336,0.00234,0.9853,1.65604,0.0019208,0.0019208,0.0019208
14,631.569,1.05667,0.03991,0.1953,0.75294,1.24651,0.99888,1,0.995,0.68127,0.99888,1,0.995,0.995,1.07486,0.05675,0.00167,0.83095,1.36211,0.0019142,0.0019142,0.0019142
15,676.076,0.96474,0.04033,0.11092,0.68283,1.24839,0.99875,1,0.995,0.66667,0.99875,1,0.995,0.995,1.17611,0.05441,0.00423,0.84458,1.48644,0.0019076,0.0019076,0.0019076
16,720.36,0.95688,0.03964,0.11235,0.5894,1.23079,0.99828,1,0.995,0.62312,0.99828,1,0.995,0.98479,1.25045,0.05902,0.00104,0.75172,1.56224,0.001901,0.001901,0.001901
17,766.507,1.02311,0.04228,0.11736,0.65947,1.27487,0.99798,1,0.995,0.44972,0.99798,1,0.995,0.98573,2.0991,0.06482,0.00172,0.91283,2.46671,0.0018944,0.0018944,0.0018944
18,810.011,1.01405,0.04476,0.04796,0.72965,1.23287,0.9931,0.95455,0.98339,0.73752,0.9931,0.95455,0.98339,0.98339,0.96105,0.05008,0.0027,0.80949,1.30607,0.0018878,0.0018878,0.0018878
19,853.422,1.0325,0.03693,0.13539,0.64408,1.27612,0.99006,0.95455,0.96398,0.66258,0.99006,0.95455,0.96398,0.96398,1.04404,0.04889,0.00608,1.23553,1.41468,0.0018812,0.0018812,0.0018812
20,897.541,0.98003,0.04407,0.11851,0.69366,1.26952,0.99477,0.95455,0.99167,0.55474,0.99477,0.95455,0.99167,0.98508,1.42709,0.05549,0.01412,1.28249,1.85707,0.0018746,0.0018746,0.0018746
21,941.979,1.0575,0.05315,0.13442,0.66895,1.2817,0.99591,0.95455,0.9825,0.54919,0.99591,0.95455,0.9825,0.97021,1.47984,0.06261,0.01165,0.92761,1.87664,0.001868,0.001868,0.001868
22,986.932,0.94763,0.03154,0.15299,0.66872,1.24232,1,0.983,0.995,0.77569,1,0.983,0.995,0.995,0.94241,0.03963,0.00579,0.60975,1.28921,0.0018614,0.0018614,0.0018614
23,1031.18,0.93091,0.03633,0.0792,0.58301,1.20236,0.99652,1,0.995,0.71694,0.99652,1,0.995,0.995,1.0694,0.04093,0.00701,0.53078,1.37156,0.0018548,0.0018548,0.0018548
24,1076.16,0.99095,0.0265,0.10546,0.618,1.20435,1,0.99985,0.995,0.54854,1,0.99985,0.995,0.995,1.54413,0.04454,0.01423,0.67605,1.75367,0.0018482,0.0018482,0.0018482
25,1121.12,1.02424,0.03431,0.11858,0.59055,1.21143,1,0.99771,0.995,0.59566,1,0.99771,0.995,0.995,1.37701,0.04403,0.01834,0.63911,1.59562,0.0018416,0.0018416,0.0018416
26,1166.71,0.98224,0.04024,0.16068,0.56944,1.23576,0.99701,1,0.995,0.75442,0.99701,1,0.995,0.995,0.81536,0.04488,0.01529,0.47009,1.19141,0.001835,0.001835,0.001835
27,1211.13,0.95069,0.02647,0.06587,0.66375,1.23213,0.99758,1,0.995,0.6941,0.99758,1,0.995,0.995,1.0255,0.04449,0.00907,0.51938,1.33882,0.0018284,0.0018284,0.0018284
28,1258.81,0.91732,0.03489,0.10102,0.55321,1.21101,0.99767,1,0.995,0.55775,0.99767,1,0.995,0.995,1.48712,0.04762,0.00453,0.69567,1.73636,0.0018218,0.0018218,0.0018218
29,1303.53,0.95954,0.03478,0.08243,0.56559,1.2118,0.99771,1,0.995,0.57471,0.99771,1,0.995,0.98302,1.50302,0.05353,0.00226,0.59639,1.72203,0.0018152,0.0018152,0.0018152
30,1348.25,0.96312,0.02868,0.09138,0.60507,1.21294,0.99799,1,0.995,0.74478,0.99799,1,0.995,0.995,1.01719,0.04951,0.00169,0.50264,1.33357,0.0018086,0.0018086,0.0018086
31,1392.56,1.07222,0.02765,0.04945,0.61248,1.30176,1,0.99677,0.995,0.71006,1,0.99677,0.995,0.995,1.10604,0.04789,0.00214,0.53929,1.41487,0.001802,0.001802,0.001802
32,1436.42,0.88964,0.03418,0.097,0.57042,1.16914,1,0.99702,0.995,0.70986,1,0.99702,0.995,0.995,1.07629,0.04903,0.0027,0.49726,1.3886,0.0017954,0.0017954,0.0017954
33,1480.58,0.89496,0.04119,0.0987,0.54697,1.16921,1,0.99856,0.995,0.63681,1,0.99856,0.995,0.98432,1.33217,0.0532,0.00242,0.53817,1.58798,0.0017888,0.0017888,0.0017888
34,1525.05,0.89207,0.03375,0.09041,0.54264,1.17648,1,0.99891,0.995,0.71698,1,0.99891,0.995,0.98558,1.11852,0.05079,0.00203,0.46482,1.41918,0.0017822,0.0017822,0.0017822
35,1568.69,0.91821,0.02544,0.1083,0.57363,1.19752,0.99931,1,0.995,0.67527,0.99931,1,0.995,0.995,1.26919,0.04817,0.00152,0.51958,1.56811,0.0017756,0.0017756,0.0017756
36,1612.16,0.91239,0.0345,0.07027,0.55116,1.21617,0.9978,1,0.995,0.66287,0.9978,1,0.995,0.995,1.31315,0.04635,0.00143,0.52432,1.6635,0.001769,0.001769,0.001769
37,1655.64,0.97659,0.03316,0.09502,0.5231,1.21653,0.99746,1,0.995,0.73721,0.99746,1,0.995,0.995,1.07567,0.04573,0.00293,0.45973,1.4342,0.0017624,0.0017624,0.0017624
38,1699.75,1.03256,0.0248,0.07492,0.77991,1.34614,0.99772,1,0.995,0.74926,0.99772,1,0.995,0.995,1.00085,0.04705,0.00404,0.40281,1.30087,0.0017558,0.0017558,0.0017558
39,1743.42,0.87132,0.02803,0.13052,0.49843,1.231,0.99674,1,0.995,0.74543,0.99674,1,0.995,0.995,1.04395,0.05115,0.0028,0.42987,1.33398,0.0017492,0.0017492,0.0017492
40,1788.26,0.87944,0.03431,0.07542,0.51258,1.20613,0.99599,1,0.995,0.75343,0.99599,1,0.995,0.995,1.00409,0.05208,0.00152,0.48572,1.31834,0.0017426,0.0017426,0.0017426
41,1833.1,0.95341,0.03384,0.05545,0.53556,1.27473,0.99659,1,0.995,0.69879,0.99659,1,0.995,0.995,1.13412,0.05065,0.00156,0.50203,1.40621,0.001736,0.001736,0.001736
42,1878.43,0.92298,0.02143,0.06446,0.53743,1.22857,0.99674,1,0.995,0.72437,0.99674,1,0.995,0.995,1.05772,0.04001,0.00112,0.42516,1.3345,0.0017294,0.0017294,0.0017294
43,1923.49,0.79264,0.03393,0.04065,0.47991,1.16407,0.99646,1,0.995,0.72209,0.99646,1,0.995,0.995,0.99082,0.04048,0.00085,0.42683,1.31913,0.0017228,0.0017228,0.0017228
44,1968.14,0.82871,0.02057,0.08673,0.49609,1.13122,0.99593,1,0.995,0.77889,0.99593,1,0.995,0.995,0.90963,0.04072,0.00101,0.43403,1.25018,0.0017162,0.0017162,0.0017162
45,2012.94,0.86692,0.01899,0.12679,0.53933,1.17571,0.99722,1,0.995,0.76395,0.99722,1,0.995,0.995,0.9771,0.04009,0.0015,0.47338,1.32048,0.0017096,0.0017096,0.0017096
46,2058.41,0.80117,0.032,0.06426,0.47748,1.16485,0.99745,1,0.995,0.72984,0.99745,1,0.995,0.995,0.94087,0.03615,0.00444,0.43481,1.29469,0.001703,0.001703,0.001703
47,2103.58,0.87177,0.02626,0.10396,0.51603,1.17755,0.99743,1,0.995,0.72369,0.99743,1,0.995,0.995,0.93998,0.03669,0.00393,0.44058,1.28933,0.0016964,0.0016964,0.0016964
48,2148.73,0.79534,0.02941,0.07231,0.46063,1.15369,0.9973,1,0.995,0.68813,0.9973,1,0.995,0.995,1.07728,0.04289,0.00238,0.49103,1.4132,0.0016898,0.0016898,0.0016898
49,2193.26,0.83078,0.0266,0.06704,0.47398,1.11876,1,0.9956,0.995,0.64648,1,0.9956,0.995,0.995,1.16927,0.04724,0.00174,0.55599,1.51056,0.0016832,0.0016832,0.0016832
50,2237.28,0.81359,0.02009,0.1307,0.49057,1.15071,0.9966,1,0.995,0.73569,0.9966,1,0.995,0.995,0.88224,0.04593,0.00404,0.44314,1.24222,0.0016766,0.0016766,0.0016766
51,2281.04,0.86564,0.03009,0.05279,0.47678,1.18824,0.9967,1,0.995,0.77172,0.9967,1,0.995,0.995,0.87829,0.04488,0.00877,0.43966,1.21272,0.00167,0.00167,0.00167
52,2325.25,0.80954,0.02636,0.07084,0.49444,1.1571,0.99717,1,0.995,0.73661,0.99717,1,0.995,0.995,0.99854,0.04202,0.01859,0.45684,1.29756,0.0016634,0.0016634,0.0016634
53,2370.47,0.8441,0.03353,0.02468,0.45836,1.13443,0.99779,1,0.995,0.76638,0.99779,1,0.995,0.995,0.92431,0.04331,0.02677,0.48329,1.24752,0.0016568,0.0016568,0.0016568
54,2416.72,0.76082,0.0252,0.04283,0.43816,1.10803,1,0.99901,0.995,0.75037,1,0.99901,0.995,0.995,0.94157,0.03854,0.00934,0.5247,1.2763,0.0016502,0.0016502,0.0016502
55,2463.26,0.78615,0.02359,0.03835,0.46433,1.13856,0.99752,1,0.995,0.70748,0.99752,1,0.995,0.995,1.08189,0.03492,0.00358,0.51978,1.38606,0.0016436,0.0016436,0.0016436
56,2509.37,0.8548,0.02546,0.05719,0.49013,1.13633,0.99727,1,0.995,0.73956,0.99727,1,0.995,0.995,1.02753,0.03666,0.00162,0.44273,1.3281,0.001637,0.001637,0.001637
57,2556.06,0.77023,0.02113,0.06595,0.45272,1.12285,0.99501,1,0.995,0.75391,0.99501,1,0.995,0.995,0.98841,0.03714,0.00163,0.47499,1.29183,0.0016304,0.0016304,0.0016304
58,2603.08,0.82627,0.02712,0.12146,0.47607,1.17022,0.99491,1,0.995,0.76251,0.99491,1,0.995,0.995,0.90029,0.03647,0.00114,0.40509,1.21868,0.0016238,0.0016238,0.0016238
59,2651.05,0.82761,0.02316,0.05361,0.44012,1.1503,0.99368,1,0.995,0.72424,0.99368,1,0.995,0.995,1.04063,0.03709,0.0014,0.44002,1.31741,0.0016172,0.0016172,0.0016172
60,2697,0.83788,0.02874,0.05805,0.48441,1.1599,0.99372,1,0.995,0.76401,0.99372,1,0.995,0.995,0.96939,0.03635,0.00189,0.42009,1.26892,0.0016106,0.0016106,0.0016106
61,2741.79,0.72989,0.0255,0.0545,0.44091,1.11247,0.99542,1,0.995,0.7809,0.99542,1,0.995,0.995,0.88887,0.03815,0.00233,0.41752,1.21002,0.001604,0.001604,0.001604
62,2787.5,0.78835,0.02631,0.09168,0.46786,1.096,0.9969,1,0.995,0.7545,0.9969,1,0.995,0.995,0.93342,0.04028,0.0037,0.40978,1.25588,0.0015974,0.0015974,0.0015974
63,2832.36,0.7511,0.01839,0.08997,0.44378,1.09386,0.99624,1,0.995,0.75533,0.99624,1,0.995,0.995,0.91804,0.04184,0.0042,0.49192,1.23733,0.0015908,0.0015908,0.0015908
64,2877.87,0.69968,0.03614,0.05524,0.4367,1.06799,0.9979,1,0.995,0.74083,0.9979,1,0.995,0.995,0.99869,0.04277,0.0036,0.44651,1.31345,0.0015842,0.0015842,0.0015842
65,2923.28,0.746,0.02378,0.0708,0.4354,1.08482,0.99827,1,0.995,0.73301,0.99827,1,0.995,0.995,0.97433,0.04211,0.00225,0.44466,1.31498,0.0015776,0.0015776,0.0015776
66,2969.61,0.73234,0.02032,0.03245,0.42984,1.09051,0.99888,1,0.995,0.72581,0.99888,1,0.995,0.995,0.9454,0.03857,0.00395,0.42757,1.28019,0.001571,0.001571,0.001571
67,3016.3,0.74267,0.02868,0.05429,0.41988,1.08903,0.99819,1,0.995,0.75287,0.99819,1,0.995,0.995,0.8848,0.03799,0.00919,0.41999,1.24751,0.0015644,0.0015644,0.0015644
68,3065.86,0.75565,0.02838,0.04269,0.42316,1.10424,0.99844,1,0.995,0.74314,0.99844,1,0.995,0.995,0.91527,0.03952,0.01217,0.40651,1.2957,0.0015578,0.0015578,0.0015578
69,3111.63,0.78049,0.02498,0.03415,0.42385,1.08666,0.9991,1,0.995,0.75503,0.9991,1,0.995,0.995,0.94635,0.03879,0.00623,0.40069,1.35058,0.0015512,0.0015512,0.0015512
70,3158.01,0.77554,0.03487,0.15269,0.43275,1.06475,0.9989,1,0.995,0.7762,0.9989,1,0.995,0.995,0.92848,0.03384,0.00329,0.42721,1.32412,0.0015446,0.0015446,0.0015446
71,3204.32,0.85205,0.01693,0.01847,0.45469,1.16282,0.99882,1,0.995,0.76904,0.99882,1,0.995,0.995,0.92921,0.03222,0.00576,0.43915,1.30672,0.001538,0.001538,0.001538
72,3250.4,0.79696,0.01582,0.03503,0.44798,1.14851,0.9987,1,0.995,0.78366,0.9987,1,0.995,0.99196,0.89201,0.0333,0.0128,0.42238,1.25751,0.0015314,0.0015314,0.0015314
73,3297.97,0.76379,0.01561,0.08128,0.4356,1.07134,0.99789,1,0.995,0.77768,0.99789,1,0.995,0.995,0.88771,0.03558,0.01548,0.42303,1.24309,0.0015248,0.0015248,0.0015248
74,3344.64,0.74484,0.01638,0.05109,0.45018,1.13966,1,0.99,0.995,0.80316,1,0.99,0.995,0.995,0.85925,0.03785,0.00133,0.41807,1.21877,0.0015182,0.0015182,0.0015182
75,3391.22,0.73713,0.02337,0.079,0.41835,1.08875,0.99638,1,0.995,0.77284,0.99638,1,0.995,0.995,0.9104,0.03927,0.00083,0.40902,1.25602,0.0015116,0.0015116,0.0015116
76,3437.73,0.71141,0.02876,0.02999,0.38812,1.0751,0.99628,1,0.995,0.78591,0.99628,1,0.995,0.995,0.87169,0.03888,0.00069,0.37783,1.23265,0.001505,0.001505,0.001505
77,3484.68,0.78513,0.02898,0.06663,0.40483,1.1306,0.99714,1,0.995,0.73479,0.99714,1,0.995,0.995,1.04175,0.03653,0.00099,0.40225,1.37577,0.0014984,0.0014984,0.0014984
78,3531.03,0.82574,0.02824,0.05763,0.43437,1.14658,0.99737,1,0.995,0.7719,0.99737,1,0.995,0.995,0.82454,0.03282,0.0015,0.36761,1.20539,0.0014918,0.0014918,0.0014918
79,3576.09,0.74943,0.02524,0.05917,0.39804,1.06743,0.99691,1,0.995,0.78704,0.99691,1,0.995,0.995,0.79459,0.03035,0.00226,0.38842,1.16879,0.0014852,0.0014852,0.0014852
80,3622.21,0.74499,0.03139,0.08746,0.42853,1.09341,0.99763,1,0.995,0.77156,0.99763,1,0.995,0.995,0.82782,0.02953,0.0038,0.42723,1.18601,0.0014786,0.0014786,0.0014786
81,3668.43,0.786,0.02204,0.09604,0.40773,1.11676,0.99717,1,0.995,0.76259,0.99717,1,0.995,0.995,0.80967,0.03,0.00435,0.4351,1.1726,0.001472,0.001472,0.001472
82,3714.09,0.77337,0.01531,0.04415,0.44447,1.08084,0.99653,1,0.995,0.79412,0.99653,1,0.995,0.995,0.75636,0.03094,0.00288,0.46006,1.1482,0.0014654,0.0014654,0.0014654
83,3759.11,0.74569,0.02166,0.10875,0.41717,1.07266,0.99656,1,0.995,0.77835,0.99656,1,0.995,0.995,0.79697,0.0309,0.00546,0.51152,1.18189,0.0014588,0.0014588,0.0014588
84,3804.4,0.80785,0.01672,0.06736,0.46855,1.12334,0.9966,1,0.995,0.77187,0.9966,1,0.995,0.995,0.83799,0.03135,0.00556,0.52958,1.20806,0.0014522,0.0014522,0.0014522
85,3849.59,0.72363,0.02731,0.09264,0.42731,1.08824,0.99831,1,0.995,0.77868,0.99831,1,0.995,0.995,0.83325,0.03643,0.00185,0.51431,1.2069,0.0014456,0.0014456,0.0014456
86,3897.54,0.74343,0.02252,0.04278,0.42676,1.07253,1,0.99891,0.995,0.76719,1,0.99891,0.995,0.995,0.83252,0.03658,0.00085,0.48212,1.19999,0.001439,0.001439,0.001439
87,3942.61,0.78809,0.02176,0.05948,0.41381,1.15501,0.99898,1,0.995,0.76418,0.99898,1,0.995,0.995,0.88179,0.03242,0.00086,0.43326,1.24402,0.0014324,0.0014324,0.0014324
88,3987.6,0.73533,0.02137,0.10181,0.42168,1.09136,0.99837,1,0.995,0.75748,0.99837,1,0.995,0.995,0.8689,0.03068,0.00136,0.40521,1.23143,0.0014258,0.0014258,0.0014258
89,4034.23,0.80896,0.02082,0.09849,0.49746,1.1618,0.99823,1,0.995,0.73094,0.99823,1,0.995,0.995,0.93717,0.03001,0.00298,0.42903,1.2812,0.0014192,0.0014192,0.0014192
90,4095.93,0.71658,0.01834,0.07847,0.43097,1.06335,0.99766,1,0.995,0.75993,0.99766,1,0.995,0.995,0.86091,0.02712,0.01116,0.3978,1.21796,0.0014126,0.0014126,0.0014126
91,4156.59,0.77025,0.01714,0.06064,0.43977,1.11186,0.99734,1,0.995,0.77027,0.99734,1,0.995,0.995,0.85301,0.02732,0.02147,0.40188,1.20292,0.001406,0.001406,0.001406
92,4215.9,0.7784,0.02703,0.09787,0.44428,1.09612,0.99748,1,0.995,0.76217,0.99748,1,0.995,0.995,0.86524,0.02691,0.01767,0.39975,1.213,0.0013994,0.0013994,0.0013994
93,4276.07,0.66868,0.01721,0.06444,0.39932,1.038,0.99757,1,0.995,0.75865,0.99757,1,0.995,0.995,0.86786,0.02642,0.0104,0.38861,1.2204,0.0013928,0.0013928,0.0013928
94,4336.06,0.81972,0.02058,0.09217,0.44383,1.16658,0.99746,1,0.995,0.76558,0.99746,1,0.995,0.995,0.91436,0.02602,0.00317,0.40876,1.26001,0.0013862,0.0013862,0.0013862
95,4392.85,0.74731,0.01724,0.06818,0.41625,1.09751,0.99745,1,0.995,0.72975,0.99745,1,0.995,0.995,0.97913,0.029,0.00257,0.4142,1.30994,0.0013796,0.0013796,0.0013796
96,4446.85,0.73462,0.01983,0.02634,0.38572,1.09422,0.99735,1,0.995,0.71941,0.99735,1,0.995,0.995,0.94844,0.03215,0.00258,0.40467,1.29273,0.001373,0.001373,0.001373
97,4502.77,0.75103,0.02522,0.05924,0.40275,1.06113,0.99811,1,0.995,0.7749,0.99811,1,0.995,0.995,0.80616,0.03312,0.00401,0.36419,1.18136,0.0013664,0.0013664,0.0013664
98,4556.82,0.70714,0.01602,0.03578,0.37634,1.06725,0.99853,1,0.995,0.75471,0.99853,1,0.995,0.995,0.90964,0.03118,0.00348,0.35688,1.26283,0.0013598,0.0013598,0.0013598
99,4610.51,0.68348,0.01481,0.03702,0.39043,1.06414,0.99792,1,0.995,0.74845,0.99792,1,0.995,0.995,0.88422,0.0297,0.00238,0.3583,1.24383,0.0013532,0.0013532,0.0013532
100,4666.73,0.69959,0.01618,0.0796,0.38467,1.0675,0.99758,1,0.995,0.77808,0.99758,1,0.995,0.995,0.78887,0.02812,0.00149,0.34156,1.17132,0.0013466,0.0013466,0.0013466
101,4721.98,0.70105,0.01255,0.07075,0.3808,1.06055,0.99746,1,0.995,0.78082,0.99746,1,0.995,0.995,0.81016,0.02758,0.00138,0.33947,1.17207,0.00134,0.00134,0.00134
102,4779.16,0.68467,0.0268,0.07263,0.40978,0.98866,0.99733,1,0.995,0.76794,0.99733,1,0.995,0.995,0.85185,0.02608,0.0018,0.38741,1.2173,0.0013334,0.0013334,0.0013334
103,4837.67,0.70376,0.02155,0.05521,0.38395,1.04568,0.99713,1,0.995,0.78527,0.99713,1,0.995,0.995,0.84632,0.02523,0.00158,0.38999,1.21583,0.0013268,0.0013268,0.0013268
104,4891.85,0.66754,0.01774,0.04742,0.37189,1.02514,0.99726,1,0.995,0.76546,0.99726,1,0.995,0.995,0.84925,0.02279,0.00137,0.397,1.22747,0.0013202,0.0013202,0.0013202
105,4948.41,0.71428,0.01536,0.03327,0.40465,1.13258,0.99726,1,0.995,0.74026,0.99726,1,0.995,0.995,0.99825,0.02022,0.00154,0.41406,1.39119,0.0013136,0.0013136,0.0013136
106,5002.08,0.76438,0.01674,0.06356,0.41837,1.10255,0.99736,1,0.995,0.74394,0.99736,1,0.995,0.995,0.92814,0.02413,0.00111,0.39703,1.30028,0.001307,0.001307,0.001307
107,5057.6,0.70068,0.01712,0.05904,0.40624,1.05146,0.99753,1,0.995,0.79334,0.99753,1,0.995,0.995,0.83586,0.02779,0.00079,0.38178,1.20627,0.0013004,0.0013004,0.0013004
108,5115.6,0.6972,0.01938,0.05671,0.38812,1.07853,0.99755,1,0.995,0.78783,0.99755,1,0.995,0.995,0.83951,0.02391,0.00056,0.37151,1.2181,0.0012938,0.0012938,0.0012938
109,5168.56,0.65337,0.01392,0.04945,0.36715,1.04289,0.9976,1,0.995,0.79157,0.9976,1,0.995,0.995,0.88045,0.02122,0.00066,0.37402,1.25406,0.0012872,0.0012872,0.0012872
110,5221.78,0.74349,0.01697,0.07027,0.38683,1.08327,0.99737,1,0.995,0.75176,0.99737,1,0.995,0.995,0.97426,0.02118,0.00342,0.36615,1.32232,0.0012806,0.0012806,0.0012806
111,5274.14,0.74699,0.01847,0.04884,0.42356,1.11276,0.99745,1,0.995,0.78191,0.99745,1,0.995,0.995,0.86867,0.01975,0.00811,0.35712,1.23352,0.001274,0.001274,0.001274
112,5326.41,0.65227,0.01343,0.04041,0.36601,1.05197,0.99754,1,0.995,0.77515,0.99754,1,0.995,0.995,0.83991,0.01936,0.0064,0.35665,1.20734,0.0012674,0.0012674,0.0012674
113,5381.55,0.64576,0.01633,0.02828,0.35956,1.02066,0.99769,1,0.995,0.78132,0.99769,1,0.995,0.995,0.87942,0.0243,0.0034,0.35814,1.24725,0.0012608,0.0012608,0.0012608
114,5433.7,0.66304,0.02004,0.02024,0.36728,1.04879,0.99762,1,0.995,0.76546,0.99762,1,0.995,0.995,0.93973,0.02638,0.00105,0.37688,1.34035,0.0012542,0.0012542,0.0012542
115,5486.58,0.71489,0.01866,0.02939,0.3658,1.01464,0.99768,1,0.995,0.75203,0.99768,1,0.995,0.995,0.90373,0.02688,0.00075,0.38565,1.30834,0.0012476,0.0012476,0.0012476
116,5538.67,0.64742,0.01857,0.09058,0.3673,1.00154,0.99816,1,0.995,0.74871,0.99816,1,0.995,0.995,0.89153,0.0265,0.00103,0.39292,1.27585,0.001241,0.001241,0.001241
117,5594.8,0.69035,0.01946,0.05769,0.38521,1.09241,1,0.99967,0.995,0.75717,1,0.99967,0.995,0.995,0.88133,0.02745,0.00279,0.40354,1.25422,0.0012344,0.0012344,0.0012344
118,5651.43,0.67577,0.01591,0.01575,0.3799,1.04792,1,0.99944,0.995,0.75717,1,0.99944,0.995,0.995,0.86089,0.02461,0.00527,0.3863,1.23611,0.0012278,0.0012278,0.0012278
119,5707.22,0.69085,0.01475,0.06631,0.38335,1.06464,0.99891,1,0.995,0.76554,0.99891,1,0.995,0.995,0.91595,0.02401,0.00704,0.37859,1.29414,0.0012212,0.0012212,0.0012212
120,5764.81,0.67321,0.01444,0.04334,0.40706,1.06714,0.99817,1,0.995,0.74723,0.99817,1,0.995,0.995,0.98091,0.02317,0.0078,0.388,1.34841,0.0012146,0.0012146,0.0012146
121,5823.82,0.6624,0.01658,0.05303,0.35577,1.04911,0.99761,1,0.995,0.7417,0.99761,1,0.995,0.995,0.95796,0.02368,0.0059,0.40255,1.31477,0.001208,0.001208,0.001208
122,5873.59,0.63096,0.02102,0.0478,0.36136,1.05405,0.9964,1,0.995,0.73796,0.9964,1,0.995,0.995,0.90433,0.02743,0.00132,0.39215,1.24376,0.0012014,0.0012014,0.0012014
123,5919.42,0.66687,0.01972,0.07348,0.37211,1.08177,0.99621,1,0.995,0.73332,0.99621,1,0.995,0.995,0.97447,0.02514,0.00074,0.41313,1.32238,0.0011948,0.0011948,0.0011948
124,5965.4,0.69415,0.01713,0.05998,0.37485,1.06796,0.99646,1,0.995,0.73117,0.99646,1,0.995,0.995,0.94291,0.02457,0.00055,0.38646,1.30906,0.0011882,0.0011882,0.0011882
125,6011.86,0.66193,0.01437,0.01243,0.38503,1.01051,0.99703,1,0.995,0.74745,0.99703,1,0.995,0.995,0.91066,0.02544,0.00043,0.36381,1.28495,0.0011816,0.0011816,0.0011816
126,6057.91,0.69108,0.01922,0.02261,0.36365,1.07947,0.99737,1,0.995,0.78233,0.99737,1,0.995,0.995,0.8601,0.02625,0.00045,0.36981,1.23923,0.001175,0.001175,0.001175
127,6108.99,0.67928,0.01829,0.05394,0.37036,1.06562,0.99746,1,0.995,0.76147,0.99746,1,0.995,0.995,0.88052,0.02572,0.00035,0.38215,1.26148,0.0011684,0.0011684,0.0011684
128,6156.81,0.70659,0.01161,0.04211,0.39131,1.06985,0.98046,1,0.995,0.75319,0.98046,1,0.995,0.995,0.88617,0.02526,0.00029,0.38351,1.29592,0.0011618,0.0011618,0.0011618
129,6203.8,0.69581,0.02152,0.03049,0.39303,1.10602,0.98389,1,0.995,0.77444,0.98389,1,0.995,0.995,0.87523,0.02628,0.00025,0.37911,1.28298,0.0011552,0.0011552,0.0011552
130,6258.23,0.74535,0.01371,0.05316,0.53263,1.0586,0.99394,1,0.995,0.77919,0.99394,1,0.995,0.995,0.86586,0.02602,0.00045,0.40099,1.22185,0.0011486,0.0011486,0.0011486
131,6307.48,0.6961,0.01734,0.09781,0.38709,1.05808,0.99771,1,0.995,0.77725,0.99771,1,0.995,0.995,0.85822,0.02738,0.00065,0.40566,1.21577,0.001142,0.001142,0.001142
132,6363.74,0.72917,0.02218,0.05081,0.42413,1.09943,0.99775,1,0.995,0.76441,0.99775,1,0.995,0.995,0.88316,0.02895,0.00093,0.4161,1.24269,0.0011354,0.0011354,0.0011354
133,6414.32,0.78142,0.01697,0.11897,0.43628,1.19517,0.99764,1,0.995,0.76748,0.99764,1,0.995,0.995,0.91747,0.02875,0.00092,0.40807,1.27888,0.0011288,0.0011288,0.0011288
134,6468.58,0.70904,0.02244,0.05483,0.40749,1.05578,0.99745,1,0.995,0.75124,0.99745,1,0.995,0.995,0.85877,0.02835,0.00097,0.36259,1.22962,0.0011222,0.0011222,0.0011222
135,6522.45,0.72895,0.01465,0.05525,0.40612,1.10491,0.99737,1,0.995,0.80538,0.99737,1,0.995,0.995,0.77363,0.02904,0.00106,0.34178,1.15218,0.0011156,0.0011156,0.0011156
136,6577.11,0.70064,0.01533,0.02205,0.38797,1.08257,0.99763,1,0.995,0.82334,0.99763,1,0.995,0.995,0.75518,0.02929,0.00118,0.34191,1.13825,0.001109,0.001109,0.001109
137,6636.16,0.63858,0.01795,0.04693,0.36031,1.00534,0.99767,1,0.995,0.80284,0.99767,1,0.995,0.995,0.80074,0.02739,0.00121,0.37129,1.16602,0.0011024,0.0011024,0.0011024
138,6692.93,0.66611,0.01265,0.06491,0.39537,1.03221,0.99764,1,0.995,0.79188,0.99764,1,0.995,0.995,0.85717,0.02483,0.00095,0.40614,1.22717,0.0010958,0.0010958,0.0010958
139,6754.21,0.6715,0.01602,0.03604,0.37415,1.07264,0.99752,1,0.995,0.79072,0.99752,1,0.995,0.995,0.85032,0.02393,0.00104,0.37549,1.23019,0.0010892,0.0010892,0.0010892
140,6810.49,0.6393,0.01162,0.02429,0.35066,1.02702,0.99743,1,0.995,0.76332,0.99743,1,0.995,0.995,0.87474,0.02352,0.0012,0.36758,1.24577,0.0010826,0.0010826,0.0010826
141,6868.93,0.64565,0.01315,0.04605,0.36068,1.03054,0.99743,1,0.995,0.7673,0.99743,1,0.995,0.995,0.9029,0.02303,0.00132,0.35728,1.2672,0.001076,0.001076,0.001076
142,6927.03,0.60379,0.02011,0.06569,0.33042,1.01463,0.99776,1,0.995,0.79074,0.99776,1,0.995,0.995,0.84942,0.0245,0.00164,0.36376,1.22147,0.0010694,0.0010694,0.0010694
143,6985.25,0.72243,0.01378,0.03154,0.3802,1.10231,0.99787,1,0.995,0.78468,0.99787,1,0.995,0.995,0.87585,0.02459,0.00167,0.37289,1.24668,0.0010628,0.0010628,0.0010628
144,7039.23,0.64627,0.01613,0.04611,0.34917,1.02177,0.99808,1,0.995,0.78087,0.99808,1,0.995,0.995,0.85143,0.02266,0.00154,0.3643,1.24374,0.0010562,0.0010562,0.0010562
145,7094,0.62991,0.01916,0.0692,0.36162,1.03436,0.99803,1,0.995,0.77955,0.99803,1,0.995,0.995,0.83749,0.02213,0.00221,0.35421,1.24604,0.0010496,0.0010496,0.0010496
146,7148.84,0.67574,0.01348,0.01068,0.36057,1.04227,0.9974,1,0.995,0.78363,0.9974,1,0.995,0.995,0.80994,0.02382,0.0026,0.37777,1.20581,0.001043,0.001043,0.001043
147,7208.47,0.58809,0.0189,0.05902,0.3305,0.99154,0.99768,1,0.995,0.79319,0.99768,1,0.995,0.995,0.80937,0.0232,0.00208,0.39139,1.19,0.0010364,0.0010364,0.0010364
148,7263.41,0.60061,0.01303,0.04666,0.35148,1.00575,0.99757,1,0.995,0.79762,0.99757,1,0.995,0.995,0.84201,0.02422,0.00135,0.4008,1.21568,0.0010298,0.0010298,0.0010298
149,7324.13,0.62463,0.01194,0.07663,0.33776,1.02569,0.99762,1,0.995,0.78986,0.99762,1,0.995,0.995,0.85876,0.0276,0.0009,0.40904,1.23321,0.0010232,0.0010232,0.0010232
150,7379.51,0.68385,0.01995,0.06807,0.35809,1.08607,0.99765,1,0.995,0.79398,0.99765,1,0.995,0.995,0.79645,0.03157,0.00103,0.398,1.17619,0.0010166,0.0010166,0.0010166
151,7438.08,0.79585,0.01327,0.04233,0.58337,1.13445,0.99763,1,0.995,0.78221,0.99763,1,0.995,0.995,0.80738,0.02766,0.00126,0.38217,1.18178,0.00101,0.00101,0.00101
152,7502.72,0.66843,0.01716,0.06157,0.36392,1.03566,0.99757,1,0.995,0.78196,0.99757,1,0.995,0.995,0.83114,0.02279,0.00129,0.36307,1.20092,0.0010034,0.0010034,0.0010034
153,7566.02,0.64563,0.01881,0.07005,0.35302,1.02641,0.99758,1,0.995,0.76584,0.99758,1,0.995,0.995,0.85014,0.02118,0.0016,0.36144,1.22046,0.0009968,0.0009968,0.0009968
154,7623.09,0.62085,0.01221,0.06539,0.34288,0.98859,0.99744,1,0.995,0.79479,0.99744,1,0.995,0.995,0.78069,0.02444,0.00136,0.36412,1.18214,0.0009902,0.0009902,0.0009902
155,7694.69,0.67846,0.01199,0.01754,0.38087,1.03084,0.99745,1,0.995,0.77443,0.99745,1,0.995,0.995,0.84617,0.02411,0.00115,0.36829,1.2433,0.0009836,0.0009836,0.0009836
156,7760.19,0.60282,0.01502,0.07765,0.32652,0.97884,0.99742,1,0.995,0.8062,0.99742,1,0.995,0.995,0.86264,0.02234,0.00102,0.3639,1.26866,0.000977,0.000977,0.000977
157,7820.48,0.65722,0.01755,0.0233,0.36287,1.03544,0.99743,1,0.995,0.80938,0.99743,1,0.995,0.995,0.82288,0.02087,0.00095,0.34071,1.23184,0.0009704,0.0009704,0.0009704
158,7881.51,0.62943,0.01846,0.04129,0.34488,1.01722,0.99747,1,0.995,0.80745,0.99747,1,0.995,0.995,0.79754,0.0215,0.00134,0.32365,1.18216,0.0009638,0.0009638,0.0009638
159,7939.58,0.61312,0.01419,0.05348,0.33709,1.04386,0.99747,1,0.995,0.78936,0.99747,1,0.995,0.995,0.88931,0.02076,0.0016,0.34931,1.26411,0.0009572,0.0009572,0.0009572
160,7998.46,0.608,0.01602,0.0135,0.35103,1.03198,0.99747,1,0.995,0.76016,0.99747,1,0.995,0.995,0.9576,0.01943,0.00169,0.37233,1.34394,0.0009506,0.0009506,0.0009506
161,8058.56,0.61488,0.01354,0.06392,0.34873,0.99883,0.99745,1,0.995,0.75629,0.99745,1,0.995,0.995,0.9532,0.01841,0.00222,0.36824,1.34478,0.000944,0.000944,0.000944
162,8116.3,0.59104,0.01402,0.03006,0.32662,1.01755,0.99749,1,0.995,0.75538,0.99749,1,0.995,0.995,0.95394,0.01768,0.00259,0.36992,1.3402,0.0009374,0.0009374,0.0009374
163,8173.83,0.63666,0.01346,0.0303,0.33618,1.02909,0.99758,1,0.995,0.7655,0.99758,1,0.995,0.995,0.89903,0.01772,0.00289,0.35297,1.27861,0.0009308,0.0009308,0.0009308
164,8230.58,0.62307,0.01494,0.03364,0.33167,0.99329,0.99764,1,0.995,0.8,0.99764,1,0.995,0.995,0.85169,0.01824,0.0025,0.36261,1.23323,0.0009242,0.0009242,0.0009242
165,8289.18,0.63248,0.0115,0.03332,0.33462,1.02863,0.99765,1,0.995,0.80691,0.99765,1,0.995,0.995,0.81536,0.02053,0.0023,0.35239,1.19389,0.0009176,0.0009176,0.0009176
166,8349.34,0.64587,0.01259,0.0404,0.33234,1.02932,0.99759,1,0.995,0.77009,0.99759,1,0.995,0.995,0.84133,0.0224,0.00193,0.34283,1.21548,0.000911,0.000911,0.000911
167,8410.2,0.57448,0.0122,0.02722,0.32005,0.97353,0.99754,1,0.995,0.80133,0.99754,1,0.995,0.995,0.80505,0.02137,0.00143,0.32581,1.20489,0.0009044,0.0009044,0.0009044
168,8477.87,0.62371,0.01384,0.03181,0.31721,1.02147,0.99747,1,0.995,0.81048,0.99747,1,0.995,0.995,0.76905,0.02039,0.00087,0.3285,1.17517,0.0008978,0.0008978,0.0008978
169,8543,0.67751,0.0135,0.01343,0.38626,1.04723,0.99734,1,0.995,0.80833,0.99734,1,0.995,0.995,0.76011,0.0198,0.00066,0.33307,1.1673,0.0008912,0.0008912,0.0008912
170,8608.71,0.59353,0.01466,0.01963,0.30905,0.99243,0.9973,1,0.995,0.77742,0.9973,1,0.995,0.995,0.84302,0.01966,0.00045,0.33064,1.2296,0.0008846,0.0008846,0.0008846
171,8658.19,0.60663,0.01161,0.03582,0.33771,1.04119,0.99733,1,0.995,0.79038,0.99733,1,0.995,0.995,0.81485,0.01914,0.00035,0.32328,1.2143,0.000878,0.000878,0.000878
172,8748.37,0.53671,0.0158,0.01425,0.30753,0.95519,0.99747,1,0.995,0.79944,0.99747,1,0.995,0.995,0.79802,0.01842,0.00034,0.33625,1.19524,0.0008714,0.0008714,0.0008714
173,8839.71,0.63161,0.01169,0.01737,0.32909,1.00983,0.99758,1,0.995,0.79054,0.99758,1,0.995,0.995,0.79945,0.01793,0.00037,0.33987,1.19762,0.0008648,0.0008648,0.0008648
174,8896.25,0.57794,0.01222,0.0329,0.30413,0.98153,0.99746,1,0.995,0.80057,0.99746,1,0.995,0.995,0.81829,0.0168,0.00052,0.33379,1.22275,0.0008582,0.0008582,0.0008582
175,8939.9,0.54872,0.011,0.04018,0.32177,0.99113,0.99754,1,0.995,0.81793,0.99754,1,0.995,0.995,0.77243,0.01695,0.00053,0.30269,1.17452,0.0008516,0.0008516,0.0008516
176,8983.3,0.59263,0.01228,0.02699,0.33382,1.00448,0.99746,1,0.995,0.81773,0.99746,1,0.995,0.995,0.74451,0.01701,0.00055,0.30353,1.15269,0.000845,0.000845,0.000845
177,9025.93,0.55177,0.0126,0.04341,0.32901,0.9589,1,1,0.995,0.80185,1,1,0.995,0.995,0.76409,0.01671,0.00053,0.31114,1.17157,0.0008384,0.0008384,0.0008384
178,9068.84,0.58103,0.01167,0.07058,0.31598,1.016,1,1,0.995,0.79558,1,1,0.995,0.995,0.80137,0.01647,0.00076,0.331,1.21249,0.0008318,0.0008318,0.0008318
179,9112.22,0.53374,0.0136,0.03024,0.30755,0.94545,0.99756,1,0.995,0.80524,0.99756,1,0.995,0.995,0.763,0.01726,0.00067,0.35122,1.17306,0.0008252,0.0008252,0.0008252
180,9156.87,0.59559,0.00974,0.05291,0.33529,1.01208,0.99759,1,0.995,0.80824,0.99759,1,0.995,0.995,0.74393,0.01696,0.00052,0.34193,1.14648,0.0008186,0.0008186,0.0008186
181,9202.11,0.61828,0.01305,0.02273,0.31953,1.05918,1,1,0.995,0.80924,1,1,0.995,0.995,0.76688,0.01772,0.00064,0.34454,1.16505,0.000812,0.000812,0.000812
182,9247.9,0.5786,0.0145,0.03029,0.31428,0.98173,0.99748,1,0.995,0.78969,0.99748,1,0.995,0.995,0.77355,0.01704,0.00055,0.34126,1.19832,0.0008054,0.0008054,0.0008054
183,9293.8,0.55373,0.01177,0.03632,0.32333,0.98449,0.99751,1,0.995,0.79593,0.99751,1,0.995,0.995,0.78964,0.01739,0.0004,0.33898,1.21374,0.0007988,0.0007988,0.0007988
184,9340.29,0.58499,0.01378,0.0671,0.31355,1.00502,0.99759,1,0.995,0.79799,0.99759,1,0.995,0.995,0.80202,0.01817,0.00035,0.35246,1.22479,0.0007922,0.0007922,0.0007922
185,9387.25,0.52757,0.01203,0.02513,0.29283,0.9662,0.99768,1,0.995,0.7994,0.99768,1,0.995,0.995,0.78611,0.01857,0.00029,0.3366,1.20786,0.0007856,0.0007856,0.0007856
186,9433.34,0.59286,0.01168,0.0622,0.31779,0.98762,0.99783,1,0.995,0.82864,0.99783,1,0.995,0.995,0.76382,0.0184,0.00039,0.33399,1.18029,0.000779,0.000779,0.000779
187,9479.75,0.49972,0.01022,0.00667,0.28821,0.94561,0.99764,1,0.995,0.81114,0.99764,1,0.995,0.995,0.78046,0.01752,0.0004,0.32951,1.19398,0.0007724,0.0007724,0.0007724
188,9526.07,0.53396,0.00946,0.01825,0.29555,0.96389,0.99762,1,0.995,0.80862,0.99762,1,0.995,0.995,0.79086,0.01675,0.00046,0.32027,1.20742,0.0007658,0.0007658,0.0007658
189,9572.24,0.57089,0.01421,0.04529,0.30971,1.01318,0.99756,1,0.995,0.82043,0.99756,1,0.995,0.995,0.77222,0.0166,0.00051,0.31412,1.18881,0.0007592,0.0007592,0.0007592
190,9618.64,0.58734,0.01013,0.08592,0.32719,1.00542,0.99753,1,0.995,0.81902,0.99753,1,0.995,0.995,0.75637,0.01538,0.00075,0.30557,1.17616,0.0007526,0.0007526,0.0007526
191,9664.18,0.5615,0.01028,0.0216,0.30487,0.9768,0.99753,1,0.995,0.82935,0.99753,1,0.995,0.995,0.75471,0.01503,0.00092,0.30392,1.17032,0.000746,0.000746,0.000746
192,9708.19,0.57761,0.01891,0.08384,0.31542,0.95132,0.99755,1,0.995,0.83236,0.99755,1,0.995,0.995,0.74586,0.01441,0.00117,0.30098,1.15566,0.0007394,0.0007394,0.0007394
193,9750.77,0.55368,0.01196,0.03106,0.31553,1.01423,0.99757,1,0.995,0.82334,0.99757,1,0.995,0.995,0.75941,0.0144,0.00142,0.29819,1.15947,0.0007328,0.0007328,0.0007328
194,9792.8,0.51803,0.00913,0.05298,0.30737,0.94013,0.99761,1,0.995,0.81358,0.99761,1,0.995,0.995,0.78739,0.01755,0.00172,0.31853,1.19398,0.0007262,0.0007262,0.0007262
195,9835.06,0.57067,0.00932,0.03544,0.31105,0.95928,0.99765,1,0.995,0.81484,0.99765,1,0.995,0.995,0.77654,0.0195,0.00121,0.31816,1.17985,0.0007196,0.0007196,0.0007196
196,9877.45,0.58028,0.01534,0.0352,0.31921,1.0042,0.99755,1,0.995,0.80256,0.99755,1,0.995,0.995,0.77358,0.01961,0.00118,0.32395,1.1859,0.000713,0.000713,0.000713
197,9920.45,0.59742,0.00958,0.01513,0.3467,1.03316,0.99748,1,0.995,0.8129,0.99748,1,0.995,0.995,0.77434,0.01901,0.00107,0.33123,1.20452,0.0007064,0.0007064,0.0007064
198,9963.14,0.53621,0.01709,0.04098,0.31156,0.97253,0.99753,1,0.995,0.8333,0.99753,1,0.995,0.995,0.72499,0.01713,0.00066,0.32257,1.14343,0.0006998,0.0006998,0.0006998
199,10005.9,0.56227,0.00985,0.03806,0.31533,0.97485,0.9975,1,0.995,0.84978,0.9975,1,0.995,0.995,0.71352,0.01621,0.0005,0.32213,1.13116,0.0006932,0.0006932,0.0006932
200,10051.8,0.55549,0.01035,0.03154,0.31582,0.98297,0.99746,1,0.995,0.82765,0.99746,1,0.995,0.995,0.74353,0.01496,0.00041,0.32726,1.16412,0.0006866,0.0006866,0.0006866
201,10093.4,0.54241,0.00968,0.04494,0.323,0.96125,0.99749,1,0.995,0.82072,0.99749,1,0.995,0.995,0.78193,0.01384,0.00027,0.31645,1.20415,0.00068,0.00068,0.00068
202,10135.6,0.5338,0.01013,0.02811,0.28959,0.96463,0.99751,1,0.995,0.81948,0.99751,1,0.995,0.995,0.75692,0.01327,0.00027,0.31266,1.18114,0.0006734,0.0006734,0.0006734
203,10178.8,0.53912,0.0104,0.01098,0.30778,0.95387,0.99748,1,0.995,0.82742,0.99748,1,0.995,0.995,0.78079,0.01332,0.00032,0.31668,1.19098,0.0006668,0.0006668,0.0006668
204,10223.2,0.5264,0.00975,0.03607,0.31545,0.95378,0.99747,1,0.995,0.81794,0.99747,1,0.995,0.995,0.80317,0.01395,0.00028,0.33066,1.20636,0.0006602,0.0006602,0.0006602
205,10268.9,0.54564,0.00685,0.04979,0.30872,0.98499,0.99746,1,0.995,0.79462,0.99746,1,0.995,0.995,0.84982,0.01469,0.00027,0.34364,1.24987,0.0006536,0.0006536,0.0006536
206,10312.9,0.61286,0.01218,0.01641,0.31836,0.96671,0.99749,1,0.995,0.80325,0.99749,1,0.995,0.995,0.77127,0.01442,0.0003,0.31423,1.17999,0.000647,0.000647,0.000647
207,10357.4,0.53493,0.00906,0.04145,0.29513,0.98712,0.99751,1,0.995,0.8085,0.99751,1,0.995,0.995,0.74978,0.01434,0.0004,0.31475,1.15957,0.0006404,0.0006404,0.0006404
208,10402.2,0.49772,0.01199,0.044,0.28504,0.93922,0.99746,1,0.995,0.81001,0.99746,1,0.995,0.995,0.77077,0.01423,0.00054,0.32028,1.1722,0.0006338,0.0006338,0.0006338
209,10447.1,0.5053,0.01536,0.01571,0.29138,0.90804,0.99745,1,0.995,0.78855,0.99745,1,0.995,0.995,0.8255,0.01411,0.00059,0.32835,1.21067,0.0006272,0.0006272,0.0006272
210,10492.3,0.52835,0.00885,0.02845,0.29104,0.98043,0.99747,1,0.995,0.7872,0.99747,1,0.995,0.995,0.81011,0.01321,0.00078,0.31821,1.18919,0.0006206,0.0006206,0.0006206
211,10536.9,0.49805,0.00786,0.02342,0.29645,0.95522,0.99749,1,0.995,0.8044,0.99749,1,0.995,0.995,0.78302,0.01282,0.00096,0.31299,1.16486,0.000614,0.000614,0.000614
212,10582,0.50066,0.00787,0.00813,0.27671,0.92752,0.99755,1,0.995,0.78481,0.99755,1,0.995,0.995,0.79856,0.01355,0.00097,0.31817,1.17792,0.0006074,0.0006074,0.0006074
213,10626.8,0.53461,0.00732,0.03627,0.29751,0.93331,0.9976,1,0.995,0.7761,0.9976,1,0.995,0.995,0.85849,0.01434,0.00103,0.33228,1.22898,0.0006008,0.0006008,0.0006008
214,10672.1,0.50722,0.00887,0.03643,0.324,0.97296,0.99759,1,0.995,0.79886,0.99759,1,0.995,0.995,0.80616,0.01622,0.00088,0.33124,1.17163,0.0005942,0.0005942,0.0005942
215,10718.4,0.53861,0.00922,0.04143,0.32756,0.99183,0.9976,1,0.995,0.80237,0.9976,1,0.995,0.995,0.77278,0.0153,0.00073,0.3168,1.13722,0.0005876,0.0005876,0.0005876
216,10763.8,0.52635,0.00998,0.01872,0.29872,0.95882,0.9976,1,0.995,0.8041,0.9976,1,0.995,0.995,0.76241,0.01378,0.00084,0.31021,1.13283,0.000581,0.000581,0.000581
217,10809.1,0.5377,0.01339,0.069,0.31333,1.01039,0.99759,1,0.995,0.82646,0.99759,1,0.995,0.995,0.75889,0.01297,0.00115,0.29811,1.13746,0.0005744,0.0005744,0.0005744
218,10855,0.54448,0.01465,0.04427,0.29988,0.97281,0.99763,1,0.995,0.80671,0.99763,1,0.995,0.995,0.78439,0.01328,0.00106,0.29955,1.17406,0.0005678,0.0005678,0.0005678
219,10900.2,0.5307,0.00827,0.02316,0.30769,0.99216,0.99772,1,0.995,0.80629,0.99772,1,0.995,0.995,0.78758,0.01414,0.00101,0.29948,1.17405,0.0005612,0.0005612,0.0005612
220,10950.3,0.52659,0.01137,0.05801,0.31336,0.97116,0.99777,1,0.995,0.79821,0.99777,1,0.995,0.995,0.79257,0.01486,0.00071,0.30173,1.1801,0.0005546,0.0005546,0.0005546
221,10997.7,0.52716,0.00952,0.06028,0.31588,0.98217,0.9977,1,0.995,0.79577,0.9977,1,0.995,0.995,0.78481,0.01474,0.00052,0.30367,1.18132,0.000548,0.000548,0.000548
222,11044.4,0.48289,0.00673,0.05776,0.28884,0.92977,0.99765,1,0.995,0.80186,0.99765,1,0.995,0.995,0.83263,0.01493,0.00046,0.3139,1.2337,0.0005414,0.0005414,0.0005414
223,11090.6,0.53153,0.01056,0.03741,0.29825,0.95424,0.99761,1,0.995,0.81556,0.99761,1,0.995,0.995,0.81338,0.0142,0.00041,0.30698,1.22236,0.0005348,0.0005348,0.0005348
224,11139.1,0.48539,0.02677,0.04187,0.28278,0.96943,0.99758,1,0.995,0.82621,0.99758,1,0.995,0.995,0.78571,0.01309,0.00049,0.29952,1.18954,0.0005282,0.0005282,0.0005282
225,11185.9,0.53039,0.01386,0.04412,0.28743,0.9647,0.99756,1,0.995,0.83001,0.99756,1,0.995,0.995,0.74634,0.01215,0.00053,0.29262,1.15509,0.0005216,0.0005216,0.0005216
226,11232.9,0.53934,0.00785,0.03853,0.28323,0.93404,1,1,0.995,0.8225,1,1,0.995,0.995,0.75373,0.01184,0.00058,0.29572,1.16625,0.000515,0.000515,0.000515
227,11279.5,0.5396,0.01464,0.09659,0.29031,0.93749,1,1,0.995,0.81448,1,1,0.995,0.995,0.76479,0.01246,0.00068,0.30276,1.17789,0.0005084,0.0005084,0.0005084
228,11324.4,0.53494,0.00876,0.02101,0.29335,0.9989,1,1,0.995,0.80898,1,1,0.995,0.995,0.77969,0.01312,0.00078,0.31135,1.19211,0.0005018,0.0005018,0.0005018
229,11370.1,0.47319,0.00908,0.04258,0.27114,0.89326,1,1,0.995,0.82114,1,1,0.995,0.995,0.77377,0.01418,0.00101,0.31193,1.18009,0.0004952,0.0004952,0.0004952
230,11416.6,0.50384,0.01207,0.03673,0.2942,0.94351,1,1,0.995,0.81995,1,1,0.995,0.995,0.77757,0.01414,0.00143,0.31628,1.17553,0.0004886,0.0004886,0.0004886
231,11462.9,0.46245,0.01093,0.08304,0.27935,0.95307,1,1,0.995,0.81012,1,1,0.995,0.995,0.81075,0.01414,0.00122,0.32356,1.2146,0.000482,0.000482,0.000482
232,11508.9,0.48013,0.00931,0.01138,0.27399,0.90582,0.99752,1,0.995,0.80807,0.99752,1,0.995,0.995,0.82201,0.01431,0.00087,0.32558,1.23285,0.0004754,0.0004754,0.0004754
233,11556.4,0.48732,0.00839,0.01561,0.27192,0.93178,0.99753,1,0.995,0.80616,0.99753,1,0.995,0.995,0.79179,0.01446,0.00066,0.3182,1.21211,0.0004688,0.0004688,0.0004688
234,11609.5,0.50877,0.01077,0.01161,0.27732,0.95152,0.99752,1,0.995,0.82548,0.99752,1,0.995,0.995,0.76658,0.01452,0.00043,0.2952,1.19139,0.0004622,0.0004622,0.0004622
235,11656.6,0.48181,0.00908,0.02716,0.27844,0.93765,0.99751,1,0.995,0.81432,0.99751,1,0.995,0.995,0.7789,0.01429,0.00045,0.29789,1.20596,0.0004556,0.0004556,0.0004556
236,11702,0.47757,0.00889,0.1079,0.26899,0.91988,0.99751,1,0.995,0.79276,0.99751,1,0.995,0.995,0.79264,0.01359,0.00048,0.30742,1.21007,0.000449,0.000449,0.000449
237,11747.1,0.50012,0.0081,0.01793,0.28871,0.97881,0.99754,1,0.995,0.80821,0.99754,1,0.995,0.995,0.80206,0.013,0.00058,0.31454,1.21199,0.0004424,0.0004424,0.0004424
238,11793.8,0.50251,0.00831,0.0938,0.30584,0.97169,0.99753,1,0.995,0.80448,0.99753,1,0.995,0.995,0.79061,0.01226,0.00076,0.32171,1.19408,0.0004358,0.0004358,0.0004358
239,11839.4,0.48673,0.00758,0.06412,0.26976,0.94166,0.99755,1,0.995,0.79363,0.99755,1,0.995,0.995,0.7909,0.01236,0.00095,0.3183,1.19875,0.0004292,0.0004292,0.0004292
240,11885.6,0.50906,0.0066,0.01913,0.28464,0.94331,0.99753,1,0.995,0.79843,0.99753,1,0.995,0.995,0.78283,0.01226,0.00104,0.30551,1.19412,0.0004226,0.0004226,0.0004226
241,11931.9,0.46639,0.00766,0.03052,0.26858,0.933,0.99754,1,0.995,0.79734,0.99754,1,0.995,0.995,0.79796,0.01284,0.0012,0.30674,1.2054,0.000416,0.000416,0.000416
242,11977.7,0.48412,0.01052,0.05982,0.30121,0.97025,0.99761,1,0.995,0.80299,0.99761,1,0.995,0.995,0.78223,0.01331,0.00201,0.31112,1.19332,0.0004094,0.0004094,0.0004094
243,12023.2,0.50584,0.00645,0.03376,0.28148,0.96022,0.99763,1,0.995,0.82014,0.99763,1,0.995,0.995,0.7705,0.01357,0.00208,0.30799,1.1882,0.0004028,0.0004028,0.0004028
244,12070,0.44517,0.0084,0.02426,0.26912,0.91999,0.99767,1,0.995,0.80961,0.99767,1,0.995,0.995,0.77513,0.0141,0.00189,0.31403,1.19753,0.0003962,0.0003962,0.0003962
245,12116.4,0.43314,0.01003,0.06932,0.25361,0.92186,0.99765,1,0.995,0.8039,0.99765,1,0.995,0.995,0.77822,0.01407,0.00167,0.31232,1.20452,0.0003896,0.0003896,0.0003896
246,12164.5,0.51157,0.01027,0.04072,0.28143,0.99026,0.99768,1,0.995,0.79482,0.99768,1,0.995,0.995,0.79711,0.01486,0.00088,0.31269,1.23126,0.000383,0.000383,0.000383
247,12211.1,0.47416,0.00816,0.02414,0.27222,0.92537,0.99764,1,0.995,0.79725,0.99764,1,0.995,0.995,0.80585,0.0153,0.00072,0.3107,1.24232,0.0003764,0.0003764,0.0003764
248,12257,0.48856,0.01054,0.02374,0.28901,0.9317,0.99765,1,0.995,0.8142,0.99765,1,0.995,0.995,0.79217,0.01488,0.00054,0.30566,1.22194,0.0003698,0.0003698,0.0003698
249,12303.1,0.46356,0.00924,0.03283,0.27138,0.92387,0.99767,1,0.995,0.81502,0.99767,1,0.995,0.995,0.77631,0.01464,0.00046,0.30223,1.1983,0.0003632,0.0003632,0.0003632
250,12354.8,0.45983,0.00955,0.048,0.25528,0.9286,0.99771,1,0.995,0.81826,0.99771,1,0.995,0.995,0.75868,0.01344,0.00045,0.30357,1.18142,0.0003566,0.0003566,0.0003566
251,12402.3,0.46322,0.00781,0.03083,0.26689,0.93561,0.9977,1,0.995,0.82109,0.9977,1,0.995,0.995,0.75708,0.01278,0.00043,0.30563,1.18834,0.00035,0.00035,0.00035
252,12450.3,0.50055,0.00501,0.0192,0.29219,0.96735,0.99776,1,0.995,0.82082,0.99776,1,0.995,0.995,0.76985,0.01211,0.00047,0.3135,1.20356,0.0003434,0.0003434,0.0003434
253,12497.7,0.54575,0.0095,0.01906,0.28575,0.93369,0.99773,1,0.995,0.81001,0.99773,1,0.995,0.995,0.77069,0.01177,0.00056,0.3104,1.20318,0.0003368,0.0003368,0.0003368
254,12545.1,0.46173,0.00983,0.02321,0.25388,0.92757,0.99776,1,0.995,0.80985,0.99776,1,0.995,0.995,0.76543,0.01172,0.00073,0.30191,1.18288,0.0003302,0.0003302,0.0003302
255,12591.9,0.49128,0.00978,0.03605,0.28432,0.98737,0.9977,1,0.995,0.81624,0.9977,1,0.995,0.995,0.77532,0.01147,0.00075,0.29872,1.18925,0.0003236,0.0003236,0.0003236
256,12638,0.47115,0.0068,0.053,0.27414,0.9277,0.9977,1,0.995,0.81029,0.9977,1,0.995,0.995,0.78211,0.01125,0.00073,0.30024,1.19653,0.000317,0.000317,0.000317
257,12684.4,0.41887,0.00983,0.02516,0.24952,0.89684,0.99768,1,0.995,0.80511,0.99768,1,0.995,0.995,0.79108,0.01113,0.0007,0.30758,1.21013,0.0003104,0.0003104,0.0003104
258,12731.9,0.45242,0.01131,0.05355,0.2624,0.95533,0.99766,1,0.995,0.79843,0.99766,1,0.995,0.995,0.79169,0.01064,0.00053,0.3136,1.22099,0.0003038,0.0003038,0.0003038
259,12778,0.41842,0.00749,0.01182,0.24523,0.9163,0.99766,1,0.995,0.78784,0.99766,1,0.995,0.995,0.79339,0.01053,0.0005,0.3168,1.23566,0.0002972,0.0002972,0.0002972
260,12825,0.48888,0.00653,0.01395,0.28642,0.95332,0.99768,1,0.995,0.78233,0.99768,1,0.995,0.995,0.80089,0.01047,0.00049,0.31988,1.24922,0.0002906,0.0002906,0.0002906
261,12871.5,0.46914,0.00664,0.02171,0.24998,0.9193,0.99771,1,0.995,0.78341,0.99771,1,0.995,0.995,0.80495,0.01077,0.00044,0.32513,1.24361,0.000284,0.000284,0.000284
262,12919.9,0.44251,0.00701,0.02698,0.24593,0.9056,0.99767,1,0.995,0.80621,0.99767,1,0.995,0.995,0.77186,0.01131,0.00028,0.31582,1.18144,0.0002774,0.0002774,0.0002774
263,12966.8,0.47738,0.00661,0.02719,0.25588,0.94082,0.99767,1,0.995,0.82075,0.99767,1,0.995,0.995,0.76994,0.01184,0.00025,0.31228,1.17691,0.0002708,0.0002708,0.0002708
264,13012.8,0.46548,0.00796,0.02351,0.25325,0.92384,0.99762,1,0.995,0.8219,0.99762,1,0.995,0.995,0.77789,0.01173,0.00023,0.3076,1.1879,0.0002642,0.0002642,0.0002642
265,13059.7,0.45282,0.00783,0.01546,0.24454,0.92807,0.99765,1,0.995,0.82194,0.99765,1,0.995,0.995,0.79184,0.01159,0.00026,0.30589,1.20998,0.0002576,0.0002576,0.0002576
266,13111,0.44025,0.00691,0.02632,0.24345,0.9166,0.99759,1,0.995,0.81097,0.99759,1,0.995,0.995,0.80184,0.01075,0.00029,0.31215,1.2272,0.000251,0.000251,0.000251
267,13162.4,0.46045,0.00805,0.05529,0.27231,0.92587,0.99761,1,0.995,0.80824,0.99761,1,0.995,0.995,0.79285,0.0102,0.00029,0.31036,1.21288,0.0002444,0.0002444,0.0002444
268,13208.5,0.433,0.00778,0.00416,0.2627,0.86885,0.99759,1,0.995,0.80363,0.99759,1,0.995,0.995,0.79045,0.00993,0.00032,0.30805,1.20598,0.0002378,0.0002378,0.0002378
269,13254.7,0.46898,0.01042,0.01824,0.25457,0.95343,0.9976,1,0.995,0.80079,0.9976,1,0.995,0.995,0.78765,0.00959,0.00036,0.30864,1.19895,0.0002312,0.0002312,0.0002312
270,13301.2,0.42814,0.00863,0.02695,0.24278,0.92619,0.99761,1,0.995,0.82568,0.99761,1,0.995,0.995,0.79116,0.00966,0.00045,0.31006,1.21028,0.0002246,0.0002246,0.0002246
271,13347.7,0.45965,0.01068,0.0819,0.25957,0.95551,0.99766,1,0.995,0.81625,0.99766,1,0.995,0.995,0.79426,0.00974,0.00047,0.30806,1.2198,0.000218,0.000218,0.000218
272,13393.8,0.46094,0.00977,0.03463,0.25819,0.92222,0.99768,1,0.995,0.81875,0.99768,1,0.995,0.995,0.78977,0.00976,0.00051,0.30679,1.21891,0.0002114,0.0002114,0.0002114
273,13440.1,0.43519,0.00642,0.04955,0.23178,0.90367,0.99766,1,0.995,0.82223,0.99766,1,0.995,0.995,0.78339,0.00971,0.00054,0.30447,1.21469,0.0002048,0.0002048,0.0002048
274,13486.9,0.42004,0.0164,0.04394,0.24746,0.91678,0.99764,1,0.995,0.81944,0.99764,1,0.995,0.995,0.7758,0.00981,0.00052,0.29759,1.20213,0.0001982,0.0001982,0.0001982
275,13532.7,0.46429,0.00607,0.00994,0.24736,0.90633,0.99764,1,0.995,0.81072,0.99764,1,0.995,0.995,0.77836,0.00977,0.00053,0.3005,1.20424,0.0001916,0.0001916,0.0001916
276,13579.2,0.44008,0.00751,0.07493,0.24399,0.92456,0.99769,1,0.995,0.82039,0.99769,1,0.995,0.995,0.78971,0.01002,0.00058,0.30883,1.22637,0.000185,0.000185,0.000185
277,13626.1,0.41889,0.00911,0.03142,0.23988,0.91625,0.99768,1,0.995,0.79905,0.99768,1,0.995,0.995,0.8042,0.0103,0.00062,0.31325,1.24887,0.0001784,0.0001784,0.0001784
278,13671.1,0.43066,0.00725,0.03802,0.2513,0.90511,0.99767,1,0.995,0.78278,0.99767,1,0.995,0.995,0.81506,0.0108,0.00065,0.31709,1.25946,0.0001718,0.0001718,0.0001718
279,13713.8,0.45193,0.00615,0.03177,0.25959,0.92027,0.99766,1,0.995,0.79985,0.99766,1,0.995,0.995,0.80866,0.01076,0.00065,0.31257,1.24838,0.0001652,0.0001652,0.0001652
280,13759.2,0.40729,0.00588,0.13624,0.25869,0.89536,0.99765,1,0.995,0.80607,0.99765,1,0.995,0.995,0.79814,0.01077,0.0006,0.30996,1.23219,0.0001586,0.0001586,0.0001586
281,13801.6,0.43239,0.00575,0.09641,0.24957,0.89117,0.99765,1,0.995,0.80383,0.99765,1,0.995,0.995,0.7859,0.01097,0.00056,0.30778,1.2212,0.000152,0.000152,0.000152
282,13849.7,0.4545,0.00785,0.01839,0.28517,0.93367,0.99764,1,0.995,0.79657,0.99764,1,0.995,0.995,0.78009,0.01071,0.00046,0.30892,1.21872,0.0001454,0.0001454,0.0001454
283,13894.1,0.47138,0.00636,0.02104,0.27793,0.95961,0.99767,1,0.995,0.78933,0.99767,1,0.995,0.995,0.79493,0.01052,0.00039,0.30997,1.23735,0.0001388,0.0001388,0.0001388
284,13939.4,0.43986,0.00538,0.05064,0.25652,0.91458,0.99762,1,0.995,0.78417,0.99762,1,0.995,0.995,0.81971,0.01072,0.00039,0.31739,1.26353,0.0001322,0.0001322,0.0001322
285,13985.8,0.49388,0.00586,0.00985,0.29209,0.94781,0.99762,1,0.995,0.78403,0.99762,1,0.995,0.995,0.83408,0.011,0.00032,0.32409,1.28054,0.0001256,0.0001256,0.0001256
286,14032.5,0.43624,0.00783,0.01945,0.23814,0.89569,0.99763,1,0.995,0.78432,0.99763,1,0.995,0.995,0.82298,0.01092,0.00033,0.31845,1.27644,0.000119,0.000119,0.000119
287,14078.1,0.40344,0.00956,0.01882,0.23174,0.89633,0.99766,1,0.995,0.78808,0.99766,1,0.995,0.995,0.81677,0.01089,0.00031,0.31734,1.27226,0.0001124,0.0001124,0.0001124
288,14124.8,0.45272,0.00925,0.04589,0.2689,0.92735,0.99766,1,0.995,0.78619,0.99766,1,0.995,0.995,0.81639,0.01104,0.0003,0.31883,1.27192,0.0001058,0.0001058,0.0001058
289,14171.4,0.42119,0.00814,0.00511,0.24706,0.89544,0.99765,1,0.995,0.78444,0.99765,1,0.995,0.995,0.81405,0.01136,0.00032,0.31177,1.26727,9.92e-05,9.92e-05,9.92e-05
290,14218.5,0.41864,0.00909,0.02751,0.22852,0.91902,0.99768,1,0.995,0.78911,0.99768,1,0.995,0.995,0.81689,0.0115,0.00031,0.3124,1.26751,9.26e-05,9.26e-05,9.26e-05
291,14264.1,0.36681,0.00902,0.00034,0.22518,0.91089,0.99767,1,0.995,0.79952,0.99767,1,0.995,0.995,0.81481,0.01083,0.00025,0.31329,1.25499,8.6e-05,8.6e-05,8.6e-05
292,14311.4,0.38526,0.00896,0.00034,0.22326,0.93001,0.99765,1,0.995,0.7954,0.99765,1,0.995,0.995,0.81211,0.01034,0.00023,0.31336,1.24063,7.94e-05,7.94e-05,7.94e-05
293,14358.5,0.44598,0.00684,0.00913,0.22908,0.9485,0.99768,1,0.995,0.79684,0.99768,1,0.995,0.995,0.81363,0.01008,0.00022,0.31499,1.23534,7.28e-05,7.28e-05,7.28e-05
294,14405,0.43045,0.01014,0.00085,0.23746,0.91236,0.99767,1,0.995,0.79326,0.99767,1,0.995,0.995,0.81957,0.01012,0.0002,0.31624,1.2386,6.62e-05,6.62e-05,6.62e-05
295,14451,0.36935,0.00626,0.00036,0.21412,0.89593,0.99766,1,0.995,0.79326,0.99766,1,0.995,0.995,0.81744,0.01017,0.00019,0.31553,1.23702,5.96e-05,5.96e-05,5.96e-05
296,14496.6,0.39736,0.00877,0.00028,0.21634,0.90334,0.99765,1,0.995,0.79883,0.99765,1,0.995,0.995,0.81427,0.01017,0.00019,0.31299,1.23397,5.3e-05,5.3e-05,5.3e-05
297,14542.2,0.42196,0.00679,0.00038,0.21876,0.89859,0.99763,1,0.995,0.80887,0.99763,1,0.995,0.995,0.80616,0.00998,0.00017,0.31165,1.22514,4.64e-05,4.64e-05,4.64e-05
298,14588,0.39094,0.00862,0.00031,0.2302,0.95134,0.99766,1,0.995,0.80643,0.99766,1,0.995,0.995,0.80231,0.01021,0.00017,0.31091,1.22433,3.98e-05,3.98e-05,3.98e-05
299,14633.8,0.36783,0.00824,0.00037,0.21246,0.86635,0.99766,1,0.995,0.80701,0.99766,1,0.995,0.995,0.80187,0.01051,0.00017,0.31035,1.22723,3.32e-05,3.32e-05,3.32e-05
